,token,frequency,z-score,freq_ratio
64,biden,31204,16.09569025039526,0.00981437174527799
23,president,23706,7.956800543777009,0.007456079239634663
2,election,135824,7.27333032251553,0.04271975477280598
421,lose,6115,6.9193550212808255,0.0019233073715669434
363,must,11563,6.882963643634932,0.003636827986496904
586,concede,4525,6.628674112293338,0.0014232160026721864
98,go,26762,5.308161912632693,0.008417261141107857
203,fact,4172,5.246408136152733,0.0013121894283200798
383,criminal,5489,4.925651638374426,0.0017264160527442278
413,lie,5465,4.775204332694112,0.0017188675037797785
60,involve,3704,4.743587442495609,0.0011649927235133212
29,joe,9760,4.6861429351005155,0.0030697432455426606
75,know,21826,4.663249415429573,0.0068647762374194786
409,donald,3769,4.639403123593267,0.0011854367102920376
111,everyone,4347,4.252441810928747,0.001367230931185855
790,federal,5163,4.020369812475973,0.0016238815959771266
365,rig,23209,3.9557326347275508,0.007299761371495861
479,deep,3372,3.815682098146111,0.0010605711295051078
270,overwhelming,1278,3.7838574717352755,0.00040196023235691803
144,believe,9877,3.6824752194907666,0.0031065424217443503
518,someone,4073,3.6824752194907666,0.001281051663841727
804,prosecution,834,3.651251038052575,0.0002623120765146085
45,evidence,25960,3.33995019390536,0.008165013796545847
301,america,7595,3.267896840768641,0.002388801224374642
381,general,2882,2.7070627968451912,0.0009064549214809372
247,state,29439,2.6610737336387835,0.009259238873517458
293,anyone,4963,2.5322239148339207,0.0015609770212733835
321,every,9989,2.3419682819225867,0.003141768983578446
176,attorney,4309,2.3360286060693123,0.0013552790619921439
253,roger,259,2.328106397738143,8.146142424134724e-05
238,please,7268,2.3230439478280753,0.002285952244734022
862,bar,389,2.296277378317777,0.00012234939779878022
11,fake,5952,2.1637656536390755,0.001872040143183393
870,censorship,820,2.146363149719608,0.00025790875628534647
175,we,17193,2.1212276902632383,0.005407591764407271
410,justice,4824,2.0819015296870615,0.0015172583418542821
593,george,619,1.9346130896367957,0.00019468965870808472
604,fraudulent,3600,1.9063471825043796,0.0011322823446673748
103,think,13831,1.8685878790040382,0.0043501658636373505
17,bill,2205,1.791821584004433,0.000693522936108767
209,commit,5750,1.7552492525686016,0.0018085065227326125
223,coup,2100,1.7348344387579147,0.000660498034389302
567,read,4766,1.7331268070047279,0.0014990160151901967
163,proof,5164,1.6862696894826208,0.0016241961188506453
254,stone,191,1.656941796779913,6.0073868842074606e-05
403,truth,5677,1.6222889257194373,0.0017855463529657463
812,certify,2824,1.6168746438486408,0.0008882125948168518
42,watch,7635,1.5983414442550536,0.0024013821393153905
557,cheat,3601,1.5943375428802,0.0011325968675408935
106,like,14139,1.5510601026014352,0.004447038908681114
183,also,6648,1.4642346588768982,0.0020909480631524186
33,talk,3361,1.4312801663252759,0.0010571113778964018
303,country,7082,1.3945813106040974,0.002227450990259541
61,foreign,2207,1.3794596178489187,0.0006941519818558045
319,arrest,2940,1.3794596178489187,0.0009246972481450227
370,really,4555,1.3631917334266432,0.0014326516888777479
66,true,3116,1.3580563364643448,0.0009800532738843165
590,world,5123,1.3248633530574963,0.001611300681036378
397,durham,614,1.2964288080682542,0.00019311704434049113
225,press,1869,1.2964288080682542,0.0005878432506064787
414,pure,1314,1.2964288080682542,0.0004132830558035918
539,run,5745,1.2926938170112374,0.001806933908365019
286,give,8179,1.2775211543355796,0.002572482582509572
30,accept,3075,1.270434135313974,0.0009671578360700493
372,red,1790,1.2370668646457583,0.0005629959435985003
178,simple,1759,1.2370668646457583,0.0005532457345194201
538,citizen,2307,1.208931196170333,0.000725604269207676
580,seat,1228,1.2060396229169292,0.00038623408868098226
187,bring,3141,1.177173487116917,0.0009879163457222845
167,make,13693,1.1641503270743478,0.004306761707091767
716,landslide,1510,1.1447054086868034,0.00047492953901326
53,people,26195,1.1424432422024802,0.008238926671822746
682,wonder,2021,1.1410074402718366,0.0006356507273813234
287,reason,2235,1.1410074402718366,0.0007029586223143285
281,thing,4848,1.1291171368805046,0.0015248068908187314
587,everything,3529,1.10687161551167,0.0011099512206475459
401,fix,2815,1.0975726830523267,0.0008853818889551833
124,million,8866,1.0909273299962026,0.002788559796616929
465,propaganda,1647,1.0775073166556315,0.0005180191726853239
457,word,1680,1.0715575993419257,0.0005283984275114415
445,republicans,5052,1.0661120964965929,0.0015889695570165492
384,real,5235,1.0654608078830656,0.0016465272428704742
170,scotus,3025,1.0427061447769717,0.0009514316923941135
745,potus,1688,1.0349818785687463,0.0005309146104995913
274,hard,2748,1.0070518486965003,0.0008643088564294294
548,china,2991,0.9994516189404671,0.0009407379146944771
284,already,3293,0.9994516189404671,0.0010357238224971291
268,corruption,3144,0.9970517931951441,0.0009888599143428407
864,leader,1377,0.9970517931951441,0.00043309799683527087
127,leftist,1665,0.9728389243098094,0.0005236805844086608
152,fair,3167,0.9712019023170049,0.000996093940433771
83,massive,12890,0.9641154670012749,0.004054199839656239
1006,peter,559,0.9576641572945364,0.0001758182862969618
707,ccp,1168,0.9576641572945364,0.0003673627162698594
461,runoff,1956,0.9576641572945364,0.000615206740602607
231,refuse,2041,0.9576641572945364,0.0006419411848516978
153,corrupt,6823,0.9569411440144109,0.0021459895660181937
73,steal,7800,0.9434352627447046,0.0024532784134459786
737,software,3222,0.9330112528206356,0.0010133926984773004
675,city,1869,0.9330112528206356,0.0005878432506064787
721,liar,1384,0.9228678851133896,0.00043529965694990186
134,doubt,1771,0.9167036110326797,0.0005570200090016447
40,hour,1626,0.9167036110326797,0.0005114141923414309
120,demand,4490,0.9166556408808055,0.0014122077020990312
43,get,25533,0.8993914399846463,0.008030712529553355
609,communist,2275,0.8945302962362013,0.0007155395372550771
876,effort,2031,0.8945302962362013,0.0006387959561165106
338,love,3298,0.8751630316004075,0.0010372964368647228
830,chinese,1238,0.8740406386831008,0.00038937931741616944
411,department,1708,0.8740406386831008,0.0005372050679699656
335,else,1747,0.8740406386831008,0.0005494714600371955
74,do,4982,0.8648046312227302,0.0015669529558702392
473,plan,3644,0.8596416259003599,0.0011461213511021983
199,bad,2490,0.8550062006311051,0.0007831619550616009
754,admit,2568,0.8415536214060279,0.0008076947391960607
133,americans,5459,0.8358657995328083,0.0017169803665386663
136,republic,2306,0.8295291683695979,0.0007252897463341573
113,start,4742,0.8229144017666988,0.0014914674662257475
334,anything,2639,0.8143816363786032,0.0008300258632158895
1010,fellony,236,0.7834823619626604,7.422739815041679e-05
782,mind,1210,0.7830036435022535,0.0003805726769576454
916,child,1193,0.7830036435022535,0.00037522578810782724
511,pick,1050,0.7830036435022535,0.000330249017194651
275,forensic,1831,0.7725944655035875,0.0005758913814127675
79,destroy,2849,0.7471232545298714,0.0008960756666548196
975,sincerely,198,0.7457431112751916,6.227552895670561e-05
610,prison,1393,0.7213459436153925,0.0004381303628115703
128,crime,3435,0.6868461469194803,0.0010803860705367867
118,understand,1789,0.6852563419456356,0.0005626814207249815
464,push,2141,0.6852563419456356,0.0006733934722035693
137,voice,993,0.6831283008086491,0.0003123212134040842
563,additional,941,0.6831283008086491,0.00029596602398111103
562,identify,806,0.6831283008086491,0.0002535054360560845
497,suspend,1079,0.6831283008086491,0.0003393701805266937
845,likely,1349,0.6831283008086491,0.00042429135637674683
740,deliver,539,0.6831283008086491,0.00016952782882658749
368,usa,1628,0.6831283008086491,0.0005120432380884683
695,follower,638,0.6831283008086491,0.0002006655933049403
974,withhold,350,0.6831283008086491,0.00011008300573155032
62,support,5285,0.6679907843666176,0.00166225338654641
165,insist,450,0.6511293933264909,0.00014153529308342185
742,death,847,0.6411091601663326,0.0002664008738703518
51,one,19140,0.6373983112105046,0.006019967799148209
1002,floyd,87,0.6319180716589171,2.7363489996128225e-05
188,large,1892,0.6293129307298726,0.0005950772766974092
404,late,1500,0.6293129307298726,0.0004717843102780728
705,usb,439,0.6293129307298726,0.00013807554147471599
229,freedom,1452,0.6293129307298726,0.0004566872123491745
500,lack,985,0.6293129307298726,0.0003098050304159345
277,ensure,1132,0.6293129307298726,0.0003560398928231856
650,clearly,1167,0.6293129307298726,0.00036704819339634064
753,suppose,1083,0.6293129307298726,0.0003406282720207686
357,block,2326,0.6270785257038934,0.0007315802038045315
200,still,5753,0.6264398920445404,0.0018094500913531685
288,act,3667,0.6196447618997201,0.0011533553771931287
1030,hydroxycloroquine,45,0.6151950202177502,1.4153529308342185e-05
488,matter,2620,0.612893739980444,0.0008240499286190339
278,legal,8969,0.6086769599926531,0.0028209556525893567
252,besides,175,0.6031202275416528,5.504150286577516e-05
398,cia,1581,0.6031202275416528,0.0004972606630330887
312,phone,1317,0.5923756229035831,0.00041422662442414793
746,mr,569,0.5893870439883796,0.00017896351503214896
393,traitor,1186,0.5863989674206984,0.00037302412799319624
1,win,7983,0.5830257962865784,0.0025108360992999036
509,number,3066,0.5801411689038046,0.0009643271302083808
478,name,2059,0.5734659596082333,0.0006476025965750347
430,coverage,853,0.572539719764228,0.00026828801111146406
91,significant,663,0.572539719764228,0.00020852866514290818
875,other,1234,0.572539719764228,0.00038812122592209457
698,perpetrate,1157,0.572539719764228,0.0003639029646611535
887,contest,797,0.572539719764228,0.00025067473019441605
979,york,976,0.572539719764228,0.00030697432455426606
846,speaker,552,0.572539719764228,0.00017361662618233079
545,impeachment,1087,0.572539719764228,0.00034188636351484346
784,stupid,1150,0.572539719764228,0.0003617013045465225
759,military,2438,0.5699536583761838,0.0007668067656386277
720,liberal,1852,0.5625362130993681,0.0005824963617566606
450,minute,1390,0.558610642305854,0.00043718679419101417
280,whole,1947,0.558610642305854,0.0006123760347409385
28,director,684,0.5502650685255429,0.00021513364548680122
736,save,1529,0.5502650685255429,0.00048090547361011554
826,focus,1544,0.5502650685255429,0.0004856233167128963
680,power,1946,0.5502650685255429,0.0006120615118674198
142,many,10430,0.5480730777222155,0.0032804735708001995
211,fill,1605,0.5458159478717909,0.000504809211997538
299,damn,1648,0.5458159478717909,0.0005183336955588427
516,email,1275,0.5436318061573614,0.0004010166637363619
832,provide,2136,0.5436318061573614,0.0006718208578359757
220,least,1891,0.5436318061573614,0.0005947627538238904
333,elector,1254,0.5436318061573614,0.00039441168339246886
376,overturn,1730,0.5436318061573614,0.0005441245711873773
881,blow,1183,0.5436318061573614,0.0003720805593726401
508,hide,2173,0.54235351183835,0.0006834582041561682
316,jail,1352,0.5411598185061696,0.00042523492499730296
703,globalist,740,0.5411598185061696,0.00023274692640384926
87,attack,1374,0.5411598185061696,0.0004321544282147147
533,treason,1725,0.5411598185061696,0.0005425519568197837
496,thread,908,0.5362764684450352,0.00028558676915499344
244,high,1847,0.5362764684450352,0.000580923747389067
608,completely,988,0.531142573183933,0.0003107485990364906
755,source,1644,0.531142573183933,0.0005170756040647678
446,presidential,5288,0.528284655367419,0.001663196955166966
174,enough,4461,0.528284655367419,0.0014030865387669885
891,along,1322,0.5257310219260768,0.0004157992387917415
673,interference,1126,0.5257310219260768,0.0003541527555820733
419,interview,1436,0.5257310219260768,0.00045165484637287506
760,interfere,642,0.5257310219260768,0.00020192368479901517
560,release,3159,0.5234561709824535,0.0009935777574456215
1026,articia,604,0.5200100510248526,0.00018997181560530398
723,control,2003,0.5200100510248526,0.0006299893156579866
585,notice,1020,0.5200100510248526,0.0003208133309890895
620,going,1596,0.5200100510248526,0.0005019785061358695
6,watcher,1037,0.5124697729621197,0.0003261602198389077
1019,wapo,790,0.5124697729621197,0.000248473070079785
1015,eject,492,0.5124697729621197,0.00015474525377120787
734,member,1124,0.5124697729621197,0.0003535237098350359
154,times,817,0.5124697729621197,0.00025696518766479034
843,swamp,1445,0.5124697729621197,0.0004544855522345435
402,example,1146,0.5124697729621197,0.00036044321305244765
806,beyond,1075,0.5124697729621197,0.00033811208903261885
855,urge,487,0.5124697729621197,0.00015317263940361431
171,poll,4012,0.5124552082655937,0.0012618657685570854
544,sense,1294,0.5117562532354331,0.0004069925983332175
156,suspect,742,0.507482388989502,0.0002333759721508867
756,computer,1194,0.507482388989502,0.000375540310981346
432,electronic,1545,0.507482388989502,0.000485937839586415
852,figure,818,0.507482388989502,0.00025727971053830903
917,retain,111,0.507482388989502,3.4912038960577386e-05
350,machine,7534,0.5048736378421566,0.0023696153290900003
676,consider,1167,0.5005767636197965,0.00036704819339634064
771,server,1209,0.5005767636197965,0.0003802581540841267
651,line,1448,0.5005767636197965,0.0004554291208550996
706,drive,603,0.5005767636197965,0.00018965729273178527
210,sham,223,0.5005767636197965,7.013860079467349e-05
262,pull,1495,0.5005767636197965,0.00047021169591047925
965,jones,586,0.5005767636197965,0.00018431040388196713
617,enemy,1046,0.5005767636197965,0.0003289909257005761
606,waste,413,0.5005767636197965,0.00012989794676322939
605,ready,945,0.5005767636197965,0.00029722411547518585
727,strongly,208,0.5005767636197965,6.542075769189277e-05
348,realize,994,0.5005767636197965,0.0003126357362776029
952,andrew,102,0.5005767636197965,3.208133309890895e-05
601,incriminate,1134,0.5005767636197965,0.00035666893857022304
179,always,2626,0.49844855776217056,0.0008259370658601461
85,retweet,2177,0.49844855776217056,0.000684716295650243
685,third,492,0.49315908157990557,0.00015474525377120787
775,ahead,795,0.49315908157990557,0.0002500456844473786
1027,wissemannis,13,0.49315908157990557,4.088797355743298e-06
863,lockdown,671,0.49315908157990557,0.00021104484813105792
441,easily,883,0.49315908157990557,0.00027772369731702553
694,term,1255,0.49315908157990557,0.0003947262062659876
435,war,1481,0.49315908157990557,0.0004658083756812172
596,prior,555,0.49315908157990557,0.00017456019480288694
724,california,1237,0.49315908157990557,0.0003890647945426507
502,representative,1148,0.49315908157990557,0.0003610722587994851
987,trainor,437,0.49315908157990557,0.00013744649572767855
645,november,1007,0.49315908157990557,0.0003167245336333462
958,path,504,0.49315908157990557,0.00015851952825343246
463,single,1868,0.49315908157990557,0.00058752872773296
1031,unparallel,27,0.49315908157990557,8.49211758500531e-06
129,ballots,318,0.49315908157990557,0.00010001827377895143
63,intelligence,886,0.49315908157990557,0.00027866726593758166
119,pretty,992,0.49315908157990557,0.0003120066905305655
440,yet,3538,0.4917964721643268,0.0011127819265092144
923,winner,887,0.4851472771428663,0.0002789817888111004
985,track,436,0.4851472771428663,0.00013713197285415983
523,john,966,0.4851472771428663,0.0003038290958190789
780,primary,615,0.4851472771428663,0.00019343156721400985
671,main,738,0.4851472771428663,0.00023211788065681183
670,majority,1125,0.4851472771428663,0.0003538382327085546
914,petition,557,0.4851472771428663,0.00017518924054992437
541,sec,449,0.4851472771428663,0.00014122077020990313
396,ago,742,0.4851472771428663,0.0002333759721508867
629,life,1172,0.4851472771428663,0.00036862080776393425
824,virus,1186,0.4851472771428663,0.00037302412799319624
937,repub,194,0.4851472771428663,6.101743746263075e-05
877,defeat,501,0.4851472771428663,0.00015757595963287633
474,yup,298,0.4851472771428663,9.372781630857714e-05
173,actual,1321,0.4851472771428663,0.0004154847159182228
895,agency,576,0.4851472771428663,0.00018116517514677995
264,envelope,600,0.4851472771428663,0.00018871372411122912
594,guilty,1070,0.4851472771428663,0.0003365394746650253
213,suitcase,377,0.4851472771428663,0.00011857512331655564
935,ton,518,0.4764378273382932,0.00016292284848269447
777,behind,1843,0.4764378273382932,0.0005796656558949921
735,bust,439,0.4764378273382932,0.00013807554147471599
950,own,672,0.4764378273382932,0.0002113593710045766
704,dc,712,0.4764378273382932,0.00022394028594532523
758,percent,613,0.4764378273382932,0.00019280252146697241
702,vast,207,0.4764378273382932,6.510623481837405e-05
699,backdate,384,0.4764378273382932,0.00012077678343118665
361,begin,1364,0.4764378273382932,0.00042900919947952757
797,middle,736,0.4764378273382932,0.0002314888349097744
603,fed,415,0.4764378273382932,0.00013052699251026682
825,hillary,1207,0.4764378273382932,0.0003796291083370893
992,deepstate,176,0.4764378273382932,5.535602573929388e-05
997,interrogate,328,0.4764378273382932,0.00010316350251413859
534,ppl,980,0.4764378273382932,0.00030823241604834093
215,dismiss,931,0.4764378273382932,0.00029282079524592386
1013,bankrupt,257,0.4764378273382932,8.083237849430982e-05
767,mention,824,0.46689755233855856,0.00025916684777942134
892,statistical,809,0.46689755233855856,0.0002544490046766406
217,nobody,728,0.46689755233855856,0.00022897265192162468
884,mitch,388,0.46689755233855856,0.0001220348749252615
35,driver,485,0.46689755233855856,0.00015254359365657688
902,upon,596,0.46689755233855856,0.00018745563261715427
925,engage,539,0.46689755233855856,0.00016952782882658749
182,russell,238,0.46689755233855856,7.485644389745422e-05
466,buy,1100,0.46689755233855856,0.00034597516087058676
427,highly,444,0.46689755233855856,0.00013964815584230955
836,picture,536,0.46689755233855856,0.00016858426020603136
947,burn,580,0.46689755233855856,0.00018242326664085482
981,unlawful,222,0.46689755233855856,6.982407792115477e-05
683,fall,939,0.46689755233855856,0.0002953369782340736
476,gov,559,0.46689755233855856,0.0001758182862969618
611,couple,424,0.46689755233855856,0.00013335769837193525
1016,joint,347,0.46689755233855856,0.00010913943711099418
556,scientist,432,0.46689755233855856,0.00013587388136008496
513,turnout,889,0.46689755233855856,0.00027961083455813783
962,crowd,368,0.46689755233855856,0.0001157444174548872
569,social,3219,0.45472903059761377,0.0010124491298567442
322,sidney,6377,0.45352095793759145,0.002005712364428847
358,another,4120,0.45344828778642055,0.0012958342388971066
524,william,569,0.44870314334317185,0.00017896351503214896
374,accuse,855,0.44870314334317185,0.0002689170568585015
644,second,1189,0.44870314334317185,0.00037396769661375237
208,amount,1448,0.44870314334317185,0.0004554291208550996
906,flood,741,0.44870314334317185,0.00023306144927736798
212,busy,622,0.44870314334317185,0.00019563322732864087
874,represent,954,0.44870314334317185,0.00030005482133685433
678,overthrow,801,0.44870314334317185,0.00025193282168849086
960,ten,570,0.44870314334317185,0.00017927803790566767
472,threat,905,0.44870314334317185,0.00028464320053443726
783,business,926,0.44870314334317185,0.0002912481808783303
770,covid,2123,0.44870314334317185,0.0006677320604802324
584,wake,1172,0.4410066883549854,0.00036862080776393425
172,face,1723,0.4410066883549854,0.0005419229110727463
462,republican,6514,0.4317918489172503,0.0020488019981009108
38,dominion,13212,0.4309719940768903,0.004155476204929265
41,prove,8483,0.42746817632807,0.002668097536059261
633,kemp,1670,0.4072977880819878,0.0005252531987762544
546,az,1368,0.4072977880819878,0.00043026729097360244
433,expert,1750,0.4072977880819878,0.0005504150286577516
612,obama,2480,0.4072977880819878,0.0007800167263264137
76,lin,2490,0.3890997344423748,0.0007831619550616009
618,may,3231,0.3890997344423748,0.001016223404338969
773,victory,1695,0.38687933396726676,0.0005331162706142223
693,deadline,1129,0.38687933396726676,0.0003550963242026295
793,candidate,2030,0.38687933396726676,0.0006384814332429919
267,become,1774,0.38076340144477205,0.0005579635776222008
766,agent,1275,0.38076340144477205,0.0004010166637363619
869,seriously,387,0.38076340144477205,0.00012172035205174279
1004,willingly,419,0.38076340144477205,0.00013178508400434166
856,favor,973,0.38076340144477205,0.0003060307559337099
423,tucker,1081,0.38076340144477205,0.00033999922627373115
696,decide,1346,0.38076340144477205,0.00042334778775619065
928,march,620,0.38076340144477205,0.00019500418158160344
504,screw,564,0.38076340144477205,0.00017739090066455537
893,position,659,0.38076340144477205,0.00020727057364883334
412,major,1861,0.3599379793816144,0.000585327067618329
744,confirm,1743,0.3599379793816144,0.0005482133685431206
131,reveal,1780,0.3599379793816144,0.000559850714863313
834,texas,2994,0.33986385183364315,0.0009416814833150334
536,point,4171,0.33986385183364315,0.0013118749054465612
798,public,1913,0.33068880349389645,0.0006016822570413022
426,explain,1693,0.33068880349389645,0.0005324872248671849
57,use,14576,0.3289260064345103,0.004584485404408793
84,time,12524,0.3176569706119463,0.003939084467948389
243,last,3640,0.31130519169731996,0.0011448632596081233
549,hell,2807,0.31130519169731996,0.0008828657059670336
323,powell,5062,0.30857131510675806,0.0015921147857517364
757,wow,855,0.30807706141393343,0.0002689170568585015
788,session,601,0.30807706141393343,0.00018902824698474783
848,silence,1114,0.30807706141393343,0.00035037848109984875
395,month,1080,0.30807706141393343,0.0003396847034002124
657,organization,1894,0.30807706141393343,0.0005957063224444466
697,current,925,0.30807706141393343,0.00029093365800481155
833,flynn,676,0.30807706141393343,0.00021261746249865148
980,effectively,1149,0.30807706141393343,0.0003613867816730038
879,message,1021,0.30807706141393343,0.0003211278538626082
940,counsel,622,0.30807706141393343,0.00019563322732864087
811,quick,602,0.30807706141393343,0.00018934276985826655
931,virginia,748,0.30807706141393343,0.00023526310939199897
572,dozen,370,0.30807706141393343,0.00011637346320192463
889,date,749,0.30807706141393343,0.0002355776322655177
455,stunning,182,0.30807706141393343,5.724316298040617e-05
615,wait,2626,0.3031374229018066,0.0008259370658601461
996,fec,1007,0.27227509279470913,0.0003167245336333462
684,smartmatic,1342,0.27227509279470913,0.00042208969626211584
452,politician,1653,0.27227509279470913,0.0005199063099264363
390,pray,2145,0.27227509279470913,0.0006746515636976441
380,states,2761,0.2613306843201129,0.0008683976537851727
493,share,2289,0.2613306843201129,0.0007199428574843391
344,away,3601,0.25879529789399214,0.0011325968675408935
18,barr,6045,0.24802100472616317,0.0019012907704206335
239,keep,6929,0.24659066143087438,0.0021793289906111776
12,news,8962,0.24018457778943084,0.002818753992474726
92,judge,7002,0.24018457778943084,0.002202289160378044
711,especially,1026,0.22994568933054613,0.00032270046823020183
939,machines,1119,0.22994568933054613,0.0003519510954674423
484,deal,1343,0.22994568933054613,0.00042240421913563453
362,expect,1337,0.22994568933054613,0.0004205170818945222
400,immediately,564,0.22994568933054613,0.00017739090066455537
977,arrive,513,0.22994568933054613,0.00016135023411510091
661,mask,1166,0.22994568933054613,0.00036673367052282195
356,account,976,0.22994568933054613,0.00030697432455426606
866,et,524,0.22994568933054613,0.00016480998572380678
1025,gettysburg,333,0.22994568933054613,0.00010473611688173217
115,testify,2100,0.21349482771497852,0.000660498034389302
768,pass,1477,0.21145918257979862,0.0004645502841871424
628,supporter,2149,0.21145918257979862,0.000675909655191719
437,remember,2078,0.21145918257979862,0.0006535785311718903
579,mass,2230,0.21145918257979862,0.0007013860079467349
710,censor,2346,0.2099401026152366,0.0007378706612749059
251,guy,2594,0.2099401026152366,0.0008158723339075473
207,cast,2381,0.16719470597892072,0.000748878961848061
564,hope,3497,0.16719470597892072,0.0010998864886949471
224,lead,2684,0.1631722454522241,0.0008441793925242317
677,attempt,2550,0.15705286159399717,0.0008020333274727238
364,box,1708,0.15705286159399717,0.0005372050679699656
191,great,6352,0.15127450686798824,0.001997849292590879
566,design,862,0.14803995796740543,0.0002711187169731325
948,fraudulently,873,0.14803995796740543,0.00027457846858183836
624,different,1216,0.14803995796740543,0.0003824598141987577
1007,navarro,473,0.14803995796740543,0.0001487693191743523
719,seek,760,0.14803995796740543,0.00023903738387422355
1009,epstein,765,0.14550738622353135,0.00024060999824181714
946,plot,420,0.14550738622353135,0.00013209960687786038
112,room,723,0.14550738622353135,0.0002274000375540311
613,clinton,1095,0.14550738622353135,0.00034440254650299314
520,dnc,699,0.14550738622353135,0.00021985148858958193
949,bus,357,0.14550738622353135,0.00011228466584618133
748,newsmax,911,0.14550738622353135,0.00028653033777554956
642,incorrectly,274,0.14550738622353135,8.617926734412797e-05
451,imagine,952,0.14550738622353135,0.0002994257755898169
778,ruby,425,0.14550738622353135,0.00013367222124545397
714,kyle,316,0.14550738622353135,9.938922803191401e-05
964,deliberate,300,0.14550738622353135,9.435686205561456e-05
444,facebook,961,0.14550738622353135,0.00030225648145148533
953,whose,299,0.14550738622353135,9.404233918209585e-05
230,colleague,248,0.14550738622353135,7.800167263264137e-05
844,tamper,589,0.14550738622353135,0.00018525397250252325
857,chance,1094,0.14550738622353135,0.00034408802362947445
842,kill,1134,0.14550738622353135,0.00035666893857022304
880,sos,926,0.14550738622353135,0.0002912481808783303
858,family,1097,0.14550738622353135,0.0003450315922500306
360,hey,1270,0.14550738622353135,0.00039944404936876834
553,government,3271,0.11985095439318925,0.0010288043192797174
114,count,10684,0.11269036656998241,0.0033603623806739533
679,add,1869,0.1025814443997248,0.0005878432506064787
138,patriot,5630,0.08582602648292625,0.0017707637779103666
924,prosecutor,584,0.08179049158740827,0.0001836813581349297
839,alito,819,0.08179049158740827,0.0002575942334118278
26,fire,1434,0.08179049158740827,0.0004510258006258376
915,duly,368,0.053682494245822485,0.0001157444174548872
519,code,440,0.053682494245822485,0.0001383900643482347
555,popular,949,0.053682494245822485,0.0002984822069692607
993,destruction,473,0.053682494245822485,0.0001487693191743523
907,deeply,450,0.053682494245822485,0.00014153529308342185
954,perfect,692,0.053682494245822485,0.00021764982847495093
957,rush,329,0.053682494245822485,0.00010347802538765731
749,approve,357,0.053682494245822485,0.00011228466584618133
486,pocket,285,0.053682494245822485,8.963901895283384e-05
945,anticipate,267,0.053682494245822485,8.397760722949696e-05
701,around,1517,0.053682494245822485,0.000477131199127891
983,glitch,507,0.053682494245822485,0.0001594630968739886
786,contain,290,0.053682494245822485,9.121163332042741e-05
1020,neutralize,209,0.053682494245822485,6.573528056541147e-05
21,twice,507,0.053682494245822485,0.0001594630968739886
58,excuse,749,0.053682494245822485,0.0002355776322655177
772,hoax,639,0.053682494245822485,0.00020098011617845901
936,crony,337,0.053682494245822485,0.00010599420837580702
970,mcenany,393,0.053682494245822485,0.0001236074892928551
885,friday,458,0.053682494245822485,0.00014405147607157156
850,able,2268,0.053682494245822485,0.0007133378771404461
339,wide,2162,0.053682494245822485,0.0006799984525474623
353,due,2629,0.04769557077661916,0.0008268806344807022
249,wisconsin,1795,0.04769557077661916,0.0005645685579660938
236,hand,2113,0.046430601622218924,0.0006645868317450452
315,statement,2070,0.046430601622218924,0.0006510623481837405
205,not,5306,0.03389680908920485,0.001668858366890303
221,care,2010,0.021841881753601945,0.0006321909757726176
428,expose,7073,0.0136651759595866,0.0022246202843978725
529,end,3268,0.012453530124750093,0.0010278607506591614
658,suit,1027,0.012453530124750093,0.0003230149911037205
691,past,1462,0.012453530124750093,0.00045983244108436166
436,honest,1341,0.012453530124750093,0.0004217751733885971
67,dispute,1810,0.012453530124750093,0.0005692864010688745
941,kraken,723,0.012453530124750093,0.0002274000375540311
347,swing,2367,0.0028279902921721817,0.0007444756416187989
265,signature,2682,0.0028279902921721817,0.0008435503467771942
801,recount,3119,0.0028279902921721817,0.0009809968425048728
140,show,10330,-0.007464273234618634,0.003249021283448328
65,receive,2480,-0.011503565331005227,0.0007800167263264137
959,establish,794,-0.011503565331005227,0.00024973116157385987
117,well,6407,-0.01280280027302164,0.002015148050634408
298,order,3750,-0.01280280027302164,0.0011794607756951821
219,dem,7344,-0.03576945016431237,0.0023098559831214445
558,dump,1168,-0.04690470217846294,0.0003673627162698594
969,kayleigh,364,-0.04690470217846294,0.00011448632596081234
378,similar,486,-0.04690470217846294,0.0001528581165300956
394,miller,333,-0.04690470217846294,0.00010473611688173217
598,difference,561,-0.04690470217846294,0.00017644733204399924
263,odd,430,-0.04690470217846294,0.00013524483561304753
1029,butch,245,-0.04690470217846294,7.705810401208523e-05
909,oversee,525,-0.04690470217846294,0.0001651245085973255
1028,dugan,245,-0.04690470217846294,7.705810401208523e-05
327,interesting,829,-0.04690470217846294,0.0002607394621470149
750,community,586,-0.04690470217846294,0.00018431040388196713
851,scam,691,-0.04690470217846294,0.0002173353056014322
963,referral,453,-0.04690470217846294,0.000142478861703978
434,ramsland,332,-0.04690470217846294,0.00010442159400821345
447,record,1372,-0.06026402290746917,0.00043152538246767725
34,usps,927,-0.06026402290746917,0.000291562703751849
491,complicit,1218,-0.06026402290746917,0.00038308885994579514
663,home,1133,-0.06026402290746917,0.00035635441569670435
785,vs,678,-0.06026402290746917,0.00021324650824568891
420,trust,2361,-0.06515162026362879,0.0007425885043776866
574,either,1902,-0.07133465682803297,0.0005982225054325963
325,open,1983,-0.07133465682803297,0.0006236988581876122
449,person,3130,-0.07133465682803297,0.0009844565941135785
89,job,2199,-0.08094705436040839,0.0006916357988676548
279,sure,3721,-0.08955149407646545,0.0011703396123631392
39,work,5483,-0.1046858708506978,0.0017245289155031155
109,fulton,878,-0.13318718752551373,0.00027615108294943197
503,mi,1292,-0.13318718752551373,0.0004063635525861801
717,free,3554,-0.13318718752551373,0.0011178142924855139
913,meet,1000,-0.13318718752551373,0.00031452287351871523
599,god,3850,-0.13427975214340063,0.0012109130630470536
69,write,2331,-0.13427975214340063,0.0007331528181721251
352,declare,1823,-0.13669789794043863,0.0005733751984246179
872,master,1075,-0.13669789794043863,0.00033811208903261885
990,filing,518,-0.13669789794043863,0.00016292284848269447
227,several,1213,-0.13669789794043863,0.00038151624557820153
894,compare,771,-0.13669789794043863,0.00024249713548292942
920,quit,763,-0.13669789794043863,0.0002399809524947797
565,old,2073,-0.13669789794043863,0.0006520059168042966
822,company,1233,-0.13669789794043863,0.0003878067030485759
266,match,869,-0.13669789794043863,0.00027332037708776354
195,process,1864,-0.13669789794043863,0.0005862706362388852
345,cnn,1532,-0.13669789794043863,0.0004818490422306717
525,regard,1483,-0.13669789794043863,0.00046643742142825465
540,integrity,2355,-0.18568937976609476,0.0007407013671365744
22,multiple,2553,-0.1889908835301437,0.0008029768960932799
614,hack,1581,-0.1889908835301437,0.0004972606630330887
90,complete,2371,-0.1889908835301437,0.0007457337331128737
686,msm,3074,-0.1889908835301437,0.0009668433131965306
901,faith,2111,-0.19719798751564627,0.0006639577859980078
903,chief,1086,-0.19719798751564627,0.0003415718406413247
627,key,1837,-0.19719798751564627,0.0005777785186538799
873,wipe,1190,-0.21723487666587768,0.0003742822194872711
512,feel,2098,-0.21723487666587768,0.0006598689886422645
542,former,1342,-0.21723487666587768,0.00042208969626211584
861,activist,945,-0.21723487666587768,0.00029722411547518585
722,defend,920,-0.21723487666587768,0.000289361043637218
80,alter,866,-0.21723487666587768,0.00027237680846720736
646,turn,3607,-0.22973794391405733,0.0011344840047820058
337,agree,3043,-0.22973794391405733,0.0009570931041174503
101,illegal,3343,-0.22973794391405733,0.001051449966173065
456,action,2095,-0.24515121446547314,0.0006589254200217084
810,early,1849,-0.24515121446547314,0.0005815527931361045
24,need,18720,-0.2550569402894236,0.005887868192270349
332,send,5616,-0.260016930697302,0.0017663604576811046
743,move,2810,-0.2858941424150597,0.0008838092745875897
271,never,9680,-0.29074862842023397,0.0030445814156611632
56,democrats,13102,-0.29441046920130853,0.004120878688842207
896,wrestle,668,-0.3023232993067311,0.00021010127951050177
741,wrong,1295,-0.3023232993067311,0.0004073071212067362
715,nationwide,840,-0.3023232993067311,0.00026419921375572076
135,constitutional,1519,-0.3023232993067311,0.0004777602448749284
640,media,723,-0.3023232993067311,0.0002274000375540311
469,statute,354,-0.3023232993067311,0.00011134109722562519
819,kelly,829,-0.3023232993067311,0.0002607394621470149
143,actually,2602,-0.3028369307548778,0.000818388516895697
248,huge,2005,-0.3028369307548778,0.000630618361405024
659,rep,1050,-0.33231330281491783,0.000330249017194651
388,intentionally,1260,-0.33231330281491783,0.00039629882063358117
838,course,1525,-0.33231330281491783,0.0004796473821160407
226,conference,1059,-0.33231330281491783,0.0003330797230563194
233,head,1965,-0.33762832150228345,0.0006180374464642754
130,ga,5518,-0.3419401655719824,0.0017355372160762705
391,could,5841,-0.3437506237616492,0.0018371281042228156
282,american,8362,-0.3510549585245229,0.0026300402683634965
260,clear,2866,-0.35437877603844864,0.0009014225555046378
662,ever,3524,-0.362130185294624,0.0011083786062799524
186,cover,2570,-0.362130185294624,0.000808323784943098
495,sign,3126,-0.36917260793608686,0.0009831985026195038
458,result,5516,-0.3842698265888564,0.0017349081703292332
904,close,1995,-0.39248627025894,0.0006274731326698368
815,collusion,914,-0.39248627025894,0.0002874739063961057
641,outlet,636,-0.39248627025894,0.00020003654755790286
955,journalist,893,-0.39248627025894,0.0002808689260522127
803,threaten,1112,-0.39248627025894,0.0003497494353528113
340,spread,1575,-0.39248627025894,0.0004953735257919765
897,flesh,664,-0.39248627025894,0.0002088431880164269
324,wi,519,-0.39248627025894,0.0001632373713562132
148,miss,1247,-0.4037690454955097,0.00039221002327783787
652,mike,662,-0.4037690454955097,0.00020821414226938946
764,spy,1196,-0.4037690454955097,0.0003761693567283834
242,see,18106,-0.4093271561393216,0.005694751147929857
828,russia,2132,-0.4231197125516895,0.0006705627663419008
157,democrat,9556,-0.42393049827565005,0.0030055805793448424
250,supreme,7070,-0.4381321532057943,0.0022236767157773167
122,happen,6214,-0.46645555846249476,0.0019544451360452965
81,full,3372,-0.46645555846249476,0.0010605711295051078
269,obvious,3047,-0.46645555846249476,0.0009583511956115252
3,night,2525,-0.46645555846249476,0.000794170255634756
329,back,5690,-0.4669831617826891,0.0017896351503214896
4,georgia,10697,-0.4779230860828641,0.0033644511780296965
151,convince,1263,-0.4780902909180658,0.0003972423892541373
726,crook,1790,-0.4780902909180658,0.0005629959435985003
494,organize,1098,-0.4780902909180658,0.0003453461151235493
308,wayne,1584,-0.4780902909180658,0.0004982042316536449
82,testimony,1121,-0.4780902909180658,0.00035258014121447974
477,next,2487,-0.4780902909180658,0.0007822183864410447
577,rally,1357,-0.4780902909180658,0.0004268075393648965
648,maybe,2871,-0.4859015196149457,0.0009029951698722314
900,contact,1696,-0.4859015196149457,0.000533430793487741
860,detroit,1580,-0.4859015196149457,0.00049694614015957
77,wood,2032,-0.4859015196149457,0.0006391104789900293
814,post,3303,-0.4859015196149457,0.0010388690512323163
246,learn,1812,-0.4859015196149457,0.000569915446815912
204,can,3682,-0.48807098444547686,0.0011580732202959095
256,tweet,2798,-0.48807098444547686,0.0008800350001053652
669,little,1391,-0.48833835628371325,0.00043750131706453286
385,simply,1033,-0.48833835628371325,0.0003249021283448328
258,though,1058,-0.48833835628371325,0.0003327652001828007
94,want,12928,-0.500286313835575,0.004066151708849951
643,conclude,1937,-0.5164904446238482,0.0006092308060057514
7,medium,13873,-0.52926861491725,0.004363375824325136
25,new,5636,-0.5297823456286291,0.0017726509151514789
415,seem,2652,-0.5505796644226693,0.0008341146605716327
68,twitter,6558,-0.5520313189431977,0.0020626410045357342
50,good,6782,-0.5538509120383607,0.0021330941282039265
379,united,2314,-0.555505901932284,0.000727805929322307
150,office,2257,-0.555505901932284,0.0007098781255317402
865,david,819,-0.555505901932284,0.0002575942334118278
792,flip,1309,-0.555505901932284,0.0004117104414359982
196,absolutely,1889,-0.555505901932284,0.0005941337080768531
317,nothing,5745,-0.5700015569122063,0.001806933908365019
919,tuesday,686,-0.5906067961604993,0.00021576269123383863
561,data,552,-0.5906067961604993,0.00017361662618233079
528,ass,1099,-0.5906067961604993,0.000345660637997068
1012,brazille,485,-0.5906067961604993,0.00015254359365657688
531,important,1226,-0.5906067961604993,0.00038560504293394483
747,donna,539,-0.5906067961604993,0.00016952782882658749
967,retract,435,-0.5906067961604993,0.00013681744998064112
968,lesson,553,-0.5906067961604993,0.0001739311490558495
922,resign,507,-0.5906067961604993,0.0001594630968739886
762,willing,902,-0.5906067961604993,0.00028369963191388113
951,maricopa,664,-0.5906067961604993,0.0002088431880164269
543,matt,546,-0.5906067961604993,0.0001717294889412185
499,truly,959,-0.5906067961604993,0.0003016274357044479
905,complaint,524,-0.5906067961604993,0.00016480998572380678
439,ok,1010,-0.5906067961604993,0.00031766810225390235
164,stand,6195,-0.5954713420632719,0.0019484692014484408
20,vote,58583,-0.5983600918828309,0.018425693499346894
492,stay,1702,-0.6172671331568487,0.0005353179307288533
261,counting,1355,-0.6172671331568487,0.00042617849361785914
132,live,4305,-0.6195236449788935,0.001354020970498069
107,two,3283,-0.628413715969835,0.001032578593761942
283,governor,2759,-0.628413715969835,0.0008677686080381352
789,rise,694,-0.6362719130999973,0.00021827887422198837
732,hundred,1718,-0.6362719130999973,0.0005403502967051527
592,democratic,2606,-0.6725985290492015,0.0008196466083897719
235,part,4061,-0.6725985290492015,0.0012772773893595024
416,problem,1912,-0.6740694940555036,0.0006013677341677835
787,special,1983,-0.6740694940555036,0.0006236988581876122
320,hold,4093,-0.6842698492583016,0.0012873421213121013
300,something,2676,-0.6860868302315274,0.0008416632095360819
306,big,9015,-0.6884418811114112,0.0028354237047712176
1014,communicate,236,-0.7001584754442143,7.422739815041679e-05
728,hate,1356,-0.7001584754442143,0.00042649301649137783
297,executive,1255,-0.7001584754442143,0.0003947262062659876
998,cease,667,-0.7001584754442143,0.00020978675663698305
712,evil,1348,-0.7001584754442143,0.0004239768335032281
1005,antrim,411,-0.7001584754442143,0.00012926890101619195
999,extend,332,-0.7001584754442143,0.00010442159400821345
713,volunteer,703,-0.7001584754442143,0.0002211095800836568
765,conservative,2428,-0.7001584754442143,0.0007636615369034405
104,rino,1502,-0.7001584754442143,0.00047241335602511025
631,within,1093,-0.7001584754442143,0.0003437735007559557
581,link,1677,-0.7001584754442143,0.0005274548588908854
54,year,7141,-0.7045757300958781,0.0022460078397971454
535,try,7372,-0.7161989655869733,0.0023186626235799685
526,possible,1429,-0.7206756956569574,0.000449453186258244
796,note,1259,-0.7206756956569574,0.0003959842977600625
442,story,1875,-0.7206756956569574,0.0005897303878475911
1003,phantom,1214,-0.7206756956569574,0.0003818307684517203
95,review,1038,-0.7350370543228139,0.0003264747427124264
653,january,1236,-0.7571726956907366,0.000388750271669132
791,shut,2130,-0.7571726956907366,0.0006699337205948635
621,history,2823,-0.7571726956907366,0.000887898071943333
318,allow,6251,-0.7642666375450288,0.0019660824823654888
573,without,4427,-0.7790334436279365,0.0013923927610673523
314,swear,2298,-0.7820728428783214,0.0007227735633460076
570,rate,1187,-0.7975866314706885,0.00037333865086671493
816,blue,1296,-0.8090408454794997,0.0004076216440802549
929,announce,1091,-0.8090408454794997,0.00034314445500891827
431,base,1358,-0.8090408454794997,0.00042712206223841526
276,require,1197,-0.8090408454794997,0.0003764838796019021
291,eye,1538,-0.8090408454794997,0.00048373617947178397
582,authority,602,-0.8180340549883631,0.00018934276985826655
878,conduct,654,-0.8180340549883631,0.00020569795928123975
672,stream,736,-0.8180340549883631,0.0002314888349097744
201,answer,972,-0.8180340549883631,0.0003057162330601912
674,perhaps,536,-0.8180340549883631,0.00016858426020603136
910,confession,508,-0.8180340549883631,0.00015977761974750733
871,felon,580,-0.8180340549883631,0.00018242326664085482
1023,wrote,361,-0.8180340549883631,0.00011354275734025619
966,briefing,238,-0.8180340549883631,7.485644389745422e-05
197,polling,769,-0.8180340549883631,0.00024186808973589198
377,south,695,-0.8180340549883631,0.00021859339709550708
971,bribe,661,-0.8180340549883631,0.00020789961939587074
956,monday,337,-0.8180340549883631,0.00010599420837580702
867,delete,827,-0.8180340549883631,0.00026011041639997746
597,idea,1053,-0.8180340549883631,0.0003311925858152071
1018,heard,377,-0.8180340549883631,0.00011857512331655564
216,local,1044,-0.8180340549883631,0.0003283618799535387
927,daily,647,-0.8180340549883631,0.00020349629916660875
255,put,6015,-0.8225225634681196,0.001891855084215072
192,case,7266,-0.830065586375027,0.0022853231989869846
206,audit,3904,-0.8305824808885127,0.0012278972982170643
105,look,7661,-0.8305824808885127,0.0024095597340268774
823,tie,904,-0.8306709659863647,0.00028432867766091857
234,bombshell,785,-0.8306709659863647,0.00024690045571219144
571,return,1441,-0.8306709659863647,0.0004532274607404686
687,rampant,2213,-0.8385627700337207,0.0006960391190969168
78,ask,4465,-0.8666068582348379,0.0014043446302610635
169,present,2876,-0.8666068582348379,0.000904567784239825
454,party,5719,-0.869543262045125,0.0017987563136535323
530,across,2042,-0.8962860250133459,0.0006422557077252164
921,exhibit,806,-0.9017328981492894,0.0002535054360560845
667,information,1626,-0.9017328981492894,0.0005114141923414309
487,play,1785,-0.9017328981492894,0.0005614233292309067
938,connect,676,-0.9017328981492894,0.00021261746249865148
991,identity,810,-0.9017328981492894,0.00025476352755015935
632,probably,1729,-0.9017328981492894,0.0005438100483138586
986,trey,769,-0.9017328981492894,0.00024186808973589198
369,four,1501,-0.9017328981492894,0.00047209883315159156
943,army,580,-0.9017328981492894,0.00018242326664085482
961,fully,769,-0.9017328981492894,0.00024186808973589198
480,pay,2995,-0.9067415947010034,0.000941996006188552
554,almost,1556,-0.9067415947010034,0.0004893975911951209
837,page,1198,-0.9067415947010034,0.00037679840247542085
490,warn,1048,-0.9067415947010034,0.00032961997144761356
27,fbi,5193,-0.9211144239097862,0.001633317282182688
448,system,7747,-0.9211144239097862,0.002436608701149487
485,exactly,2130,-0.92775804016448,0.0006699337205948635
475,got,1852,-0.92775804016448,0.0005824963617566606
690,tech,2717,-0.9318219175389545,0.0008545586473503493
795,internet,565,-0.9454903361889777,0.00017770542353807409
189,warning,482,-0.9454903361889777,0.00015160002503602073
849,photo,587,-0.9454903361889777,0.00018462492675548584
841,finding,323,-0.9454903361889777,0.00010159088814654502
829,soros,745,-0.9454903361889777,0.00023431954077144282
583,straight,475,-0.9454903361889777,0.00014939836492138973
161,appeal,515,-0.9454903361889777,0.00016197927986213832
514,place,2911,-0.9552948837235953,0.00091557608481298
160,include,2513,-0.9552948837235953,0.0007903959811525313
190,mean,3406,-0.9552948837235953,0.001071264907204744
425,long,4421,-0.9552948837235953,0.00139050562382624
912,secretary,1508,-0.9552948837235953,0.00047430049326622255
272,worker,4217,-0.9566247884609627,0.001326342957628422
313,yes,3687,-0.9674099667537391,0.001159645834663503
31,call,10505,-0.9676810605671081,0.003304062786314103
417,usp,1557,-0.9855598492484029,0.0004897121140686396
70,senator,2634,-0.9855598492484029,0.0008284532488482959
438,deny,2223,-0.9955582142492121,0.0006991843478321039
973,patrick,947,-0.9991659563718752,0.0002978531612222233
976,nursing,429,-0.9991659563718752,0.00013493031273952884
522,resident,888,-0.9991659563718752,0.0002792963116846191
589,direct,1385,-0.9991659563718752,0.00043561417982342055
481,mark,1467,-0.9991659563718752,0.0004614050554519552
934,falsely,1001,-0.9991659563718752,0.0003148373963922339
654,together,1830,-0.9991659563718752,0.0005755768585392489
989,ron,558,-0.9991659563718752,0.0001755037634234431
424,fox,4087,-1.0405796772007927,0.001285454984070989
97,witness,5772,-1.0520149997223196,0.0018154260259500242
366,come,11378,-1.0614713176731843,0.0035786412548959416
547,arizona,3294,-1.0614713176731843,0.0010360383453706479
559,way,8470,-1.0614713176731843,0.002664008738703518
769,except,1250,-1.0673180969534768,0.000393153591898394
202,challenge,1667,-1.0673180969534768,0.0005243096301556983
761,civil,2008,-1.0673180969534768,0.0006315619300255802
634,money,2137,-1.0673180969534768,0.0006721353807094944
576,guess,2404,-1.0773947504179282,0.0007561129879389913
899,legitimate,940,-1.0840501905753384,0.0002956515011075923
1000,vow,283,-1.0840501905753384,8.90099732057964e-05
908,outright,308,-1.0840501905753384,9.687304504376428e-05
820,instance,650,-1.0840501905753384,0.00020443986778716488
729,aware,414,-1.0840501905753384,0.0001302124696367481
725,victim,414,-1.0840501905753384,0.0001302124696367481
145,beat,973,-1.0840501905753384,0.0003060307559337099
868,suppress,566,-1.0840501905753384,0.0001780199464115928
517,light,734,-1.0840501905753384,0.00023085978916273696
295,stuff,1035,-1.0840501905753384,0.00032553117409187026
147,much,5114,-1.096530944577808,0.0016084699751747096
700,prosecute,1565,-1.1018102529977916,0.0004922282970567893
763,energy,838,-1.1018102529977916,0.0002635701680086833
292,finally,904,-1.1018102529977916,0.00028432867766091857
406,verify,1326,-1.1018102529977916,0.00041705733028581636
527,to,1693,-1.1018102529977916,0.0005324872248671849
1022,resolution,414,-1.1018102529977916,0.0001302124696367481
375,conspiracy,1383,-1.1018102529977916,0.0004349851340763831
799,set,2202,-1.137085114252278,0.0006925793674882109
407,top,1514,-1.137085114252278,0.0004761876305073348
575,blatant,1554,-1.1406072935117335,0.0004887685454480834
630,check,3465,-1.1445404890153066,0.0010898217567423482
273,zero,1403,-1.1522277875248998,0.00044127559154675747
730,future,1564,-1.1522277875248998,0.0004919137741832706
49,lawyer,3302,-1.1719076578170684,0.0010385545283587976
382,affidavit,3546,-1.1932696908503195,0.0011152981094973641
794,collude,917,-1.2102005195702539,0.00028841747501666187
776,powerful,809,-1.2102005195702539,0.0002544490046766406
459,nearly,663,-1.2102005195702539,0.00020852866514290818
305,mainstream,1041,-1.2102005195702539,0.00032741831133298256
890,determine,655,-1.2102005195702539,0.00020601248215475847
853,authorize,589,-1.2102005195702539,0.00018525397250252325
752,waldron,269,-1.2102005195702539,8.46066529765344e-05
898,happy,843,-1.2102005195702539,0.00026514278237627694
751,phil,273,-1.2102005195702539,8.586474447060925e-05
602,oh,2138,-1.2110343097812784,0.0006724499035830131
125,since,3098,-1.2110343097812784,0.0009743918621609798
0,trump,51707,-1.2380632753347012,0.01626303422103221
655,extensive,2029,-1.2405216259453922,0.0006381669103694732
578,kind,1157,-1.2405216259453922,0.0003639029646611535
835,interested,609,-1.2405216259453922,0.00019154442997289757
399,security,1638,-1.2405216259453922,0.0005151884668236556
146,far,2007,-1.2405216259453922,0.0006312474071520615
389,follow,4384,-1.2795009512037672,0.0013788682775060475
55,hear,6833,-1.291893029097008,0.002149134794753381
48,hearing,3543,-1.3056200622214709,0.001114354540876808
911,investigative,708,-1.324944685538224,0.00022268219445125038
343,pm,796,-1.324944685538224,0.0002503602073208973
926,sue,1210,-1.324944685538224,0.0003805726769576454
882,harvesting,777,-1.324944685538224,0.0002443842727240417
978,commission,831,-1.324944685538224,0.00026136850789405233
817,bless,1149,-1.324944685538224,0.0003613867816730038
636,staff,642,-1.324944685538224,0.00020192368479901517
181,file,2621,-1.3287575332127237,0.0008243644514925526
933,chairman,917,-1.3324559053241716,0.00028841747501666187
649,offer,1283,-1.3324559053241716,0.00040353284672451164
422,low,840,-1.3324559053241716,0.00026419921375572076
800,argue,832,-1.3324559053241716,0.0002616830307675711
331,legislature,3035,-1.3347386023047338,0.0009545769211293007
193,roll,894,-1.3397084518111073,0.0002811834489257314
501,week,1934,-1.365927736352619,0.0006082872373851953
123,raise,1261,-1.365927736352619,0.00039661334350709986
774,sit,1558,-1.365927736352619,0.0004900266369421583
162,would,16162,-1.3692809366004377,0.005083318681809475
443,mail,15347,-1.3922174336240603,0.004826982539891722
664,observer,1604,-1.3939221643163893,0.0005044946891240192
588,total,2267,-1.3939221643163893,0.0007130233542669273
688,question,3029,-1.4094820796137786,0.0009526897838881884
88,let,5952,-1.418951124493321,0.001872040143183393
232,take,15359,-1.4231364746469306,0.004830756814373947
813,systemic,1180,-1.4283129247721131,0.00037113699075208394
307,everywhere,1202,-1.4283129247721131,0.00037805649396949567
739,uncover,846,-1.4467316841850226,0.00026608635099683307
37,ny,721,-1.4467316841850226,0.00022677099180699366
692,reward,771,-1.4467316841850226,0.00024249713548292942
1017,lois,626,-1.4467316841850226,0.00019689131882271571
532,soon,1034,-1.4467316841850226,0.0003252166512183515
1021,wednesday,577,-1.4467316841850226,0.00018147969802029867
228,house,4049,-1.4702435934546574,0.0012735031148772779
311,article,1873,-1.4810976303314642,0.0005891013421005536
59,charge,3165,-1.4810976303314642,0.0009954648946867337
622,lawsuit,3802,-1.5096442419047003,0.0011958159651181551
158,day,7681,-1.5272614519574452,0.0024158501914972514
387,fail,1770,-1.5310994167627652,0.0005567054861281259
482,accord,1493,-1.5310994167627652,0.0004695826501634418
515,friend,1570,-1.5310994167627652,0.0004938009114243829
802,white,1659,-1.5310994167627652,0.0005217934471675485
139,video,6973,-1.545653624692258,0.002193167997046001
972,philly,776,-1.5763355219006954,0.000244069749850523
1024,files,305,-1.5763355219006954,9.592947642320814e-05
932,flow,647,-1.5763355219006954,0.00020349629916660875
854,board,758,-1.5763355219006954,0.00023840833812718612
290,right,9254,-1.5839727307756672,0.0029105946715421906
328,ignore,1999,-1.5881373922392947,0.0006287312241639117
259,entire,3069,-1.605883164634855,0.0009652706988289369
625,discuss,1389,-1.6558415297730924,0.0004368722713174954
638,reject,1307,-1.6885372973094015,0.0004110813956889608
510,drop,1794,-1.707857379034021,0.000564254035092575
668,create,2829,-1.707857379034021,0.0008897852091844453
591,youtube,1837,-1.707857379034021,0.0005777785186538799
600,race,3381,-1.7104886729043052,0.001063401835366776
988,honor,579,-1.7146092175640526,0.0001821087437673361
467,flag,609,-1.7146092175640526,0.00019154442997289757
96,cite,400,-1.7146092175640526,0.00012580914940748609
840,washington,943,-1.742679718139641,0.00029659506972814847
93,rule,4019,-1.7535922388215741,0.0012640674286717164
116,dead,4985,-1.754402905536739,0.0015678965244907952
489,nv,832,-1.7960863772290272,0.0002616830307675711
245,level,1945,-1.7960863772290272,0.0006117469889939011
738,switch,1822,-1.8010477423292126,0.0005730606755510991
355,lot,3276,-1.815948711859305,0.001030376933647311
460,senate,5085,-1.8551361532291482,0.0015993488118426669
285,legislator,1097,-1.8576410446368599,0.0003450315922500306
595,illegally,787,-1.8576410446368599,0.00024752950145922887
656,inclusive,1456,-1.8576410446368599,0.00045794530384324936
886,throughout,386,-1.8624542091835752,0.00012140582917822407
665,totally,1015,-1.8624542091835752,0.00031924071662149596
831,brad,428,-1.8624542091835752,0.00013461578986601012
809,transparency,403,-1.8624542091835752,0.00012675271802804224
257,even,10033,-1.8640886996677544,0.0031556079900132697
507,first,3260,-1.8687694487023339,0.0010253445676710116
180,request,2031,-1.8687694487023339,0.0006387959561165106
237,address,1426,-1.8702293089372772,0.0004485096176376879
453,elect,3347,-1.8816336191010514,0.0010527080576671398
99,official,7185,-1.8938966776652852,0.002259846846231969
808,rejection,696,-1.8977229083373286,0.0002189079199690258
71,speak,1922,-1.8977229083373286,0.0006045129629029707
942,error,1049,-1.9550453549920952,0.00032993449432113225
470,protect,1869,-1.978381036118475,0.0005878432506064787
666,oppose,1098,-1.978381036118475,0.0003453461151235493
847,response,829,-1.978381036118475,0.0002607394621470149
731,bottom,947,-1.978381036118475,0.0002978531612222233
349,national,2711,-2.0172176363000327,0.0008526715101092369
623,college,1363,-2.019643269664515,0.0004286946766060088
429,non,519,-2.0207319529500514,0.0001632373713562132
1008,adjudication,184,-2.0207319529500514,5.78722087274436e-05
302,deserve,1300,-2.0207319529500514,0.00040887973557432976
994,nc,393,-2.0207319529500514,0.0001236074892928551
883,apparently,501,-2.0207319529500514,0.00015757595963287633
354,sound,1372,-2.1024440846969163,0.00043152538246767725
392,fund,1728,-2.1024440846969163,0.0005434955254403399
471,nation,1653,-2.1024440846969163,0.0005199063099264363
418,prevent,1026,-2.105342817021457,0.00032270046823020183
982,hotline,870,-2.105342817021457,0.00027363489996128223
635,pressure,569,-2.105342817021457,0.00017896351503214896
296,describe,691,-2.1326890712035635,0.0002173353056014322
47,court,11297,-2.1365723080255736,0.003553164902140926
198,kick,1160,-2.1784261234072666,0.00036484653328170964
351,occur,1665,-2.1784261234072666,0.0005236805844086608
159,break,4977,-2.219815811032896,0.0015653803415026455
52,thousand,3998,-2.226886690355108,0.0012574624483278234
551,concern,1136,-2.238958386525824,0.0003572979843172605
550,step,1509,-2.238958386525824,0.00047461501613974124
995,rand,390,-2.238958386525824,0.00012266392067229894
689,lol,967,-2.238958386525824,0.00030414361869259763
214,appear,1432,-2.238958386525824,0.0004503967548788002
110,throw,3421,-2.2501834563894483,0.0010759827503075247
15,fraud,143221,-2.278014534173446,0.04504628046822391
506,whistleblower,2546,-2.2860794262319732,0.0008007752359786489
718,analysis,1971,-2.2895463202483257,0.0006199245837053877
359,voting,12682,-2.2918469324032342,0.003988779081964346
218,widespread,3339,-2.3068379546996822,0.00105019187467899
616,violation,1181,-2.3239670940186725,0.0003714515136256027
32,rudy,3772,-2.3435167580514302,0.0011863802789125939
619,political,2133,-2.3458587650663842,0.0006708772892154196
537,listen,2262,-2.3458587650663842,0.0007114507398993338
1001,absence,529,-2.3795972823005553,0.00016638260009140034
222,fear,1252,-2.3795972823005553,0.00039378263764543143
733,certification,427,-2.3795972823005553,0.0001343012669924914
681,patriotic,372,-2.3795972823005553,0.00011700250894896206
568,whatever,677,-2.3795972823005553,0.0002129319853721702
779,role,722,-2.3795972823005553,0.00022708551468051237
240,fight,7810,-2.388921944740215,0.002456423642181166
13,claim,10814,-2.4095006194076993,0.003401250354231386
336,today,3168,-2.4096149600006327,0.0009964084633072897
367,man,3274,-2.4132725697403448,0.0010297478879002736
185,register,2009,-2.421402288696574,0.0006318764528990988
944,project,1147,-2.441659898197094,0.00036075773592596634
16,ag,4042,-2.5039628819879263,0.0012713014547626469
505,submit,1079,-2.524203161447131,0.0003393701805266937
309,issue,3217,-2.527070978297583,0.001011820084109707
386,lawmaker,415,-2.5274642620761365,0.00013052699251026682
821,krebs,252,-2.5274642620761365,7.925976412671623e-05
194,electoral,2845,-2.5450965238740615,0.0008948175751607448
647,invalid,1076,-2.5642861200329374,0.0003384266119061376
108,michigan,8139,-2.573086276953126,0.002559901667568823
100,county,6699,-2.59800814434468,0.0021069887297018733
141,giuliani,2906,-2.6004074956053467,0.0009140034704453864
483,forward,1828,-2.6150103300415504,0.0005749478127922114
1011,vetting,362,-2.682393477022435,0.0001138572802137749
166,outcome,1242,-2.692024090425164,0.0003906374089102443
371,catch,4107,-2.747379017649369,0.0012917454415413633
660,force,2087,-2.807710168501581,0.0006564092370335586
326,team,4847,-2.8115275024568143,0.0015244923679452126
5,gop,6208,-2.8283612125625637,0.001952557998804184
805,clean,987,-2.8434219414723776,0.00031043407616297193
918,target,394,-2.8434219414723776,0.00012392201216637378
408,ally,288,-2.8434219414723776,9.058258757338998e-05
310,change,5532,-2.9557574116963226,0.0017399405363055325
168,pa,4678,-2.9570464901170284,0.0014713380023205498
346,tape,839,-2.9629495597679756,0.00026388469088220207
930,application,731,-2.9629495597679756,0.00022991622054218083
498,constitution,1825,-2.972284656508467,0.0005740042441716553
177,investigate,6407,-2.975363650538519,0.002015148050634408
184,find,7952,-3.0530451187263457,0.0025010858902208234
637,absentee,2370,-3.059456115521983,0.0007454192102393551
552,despite,880,-3.094037596191604,0.0002767801286964694
888,serious,842,-3.094037596191604,0.0002648282595027582
289,violate,888,-3.105554046796364,0.0002792963116846191
607,side,1974,-3.262140849948239,0.0006208681523259439
9,leave,4804,-3.316944177710929,0.001510967884383908
44,campaign,7137,-3.3690772290586373,0.0022447497483030704
86,thank,4228,-3.3706665093573953,0.001329802709237128
149,remove,2274,-3.4016799820854087,0.0007152250143815584
626,allegation,2009,-3.466213886595929,0.0006318764528990988
807,join,1843,-3.4952086981677435,0.0005796656558949921
36,ballot,38626,-3.5029719081105024,0.012148760512533894
241,tune,325,-3.542481605824845,0.00010221993389358244
19,say,24002,-3.5525832249191125,0.0075491780101962025
405,potential,748,-3.572098258326079,0.00023526310939199897
639,increase,586,-3.6153379285654075,0.00018431040388196713
10,doj,4314,-3.6481204117330357,0.0013568516763597374
709,pennsylvania,6056,-3.782710744583673,0.0019047505220293392
984,clark,1198,-3.7963025529816794,0.00037679840247542085
341,oversight,534,-3.8217159266924745,0.00016795521445899393
373,group,1274,-3.898616196149523,0.00040070214086284316
342,committee,780,-4.019156769480171,0.0002453278413445979
708,datum,2533,-4.112715936197653,0.0007966864386229056
818,mayor,345,-4.303534396881266,0.00010851039136395675
102,law,6111,-4.32874664122245,0.0019220492800728687
126,allege,3171,-4.339411752099622,0.000997352031927846
294,via,6532,-4.350249339311859,0.0020544634098242478
330,probe,479,-4.36744802860255,0.00015065645641546457
827,registration,974,-4.400509768512946,0.00030634527880722863
521,continue,2521,-4.638244608005802,0.0007929121641406811
781,congress,1135,-4.645786493447461,0.0003569834614437418
121,investigation,3703,-5.506363566790424,0.0011646782006398025
46,nevada,3121,-5.735010029591351,0.0009816258882519103
14,voter,99874,-16.704162099845306,0.03141265746980816
8,tell,15003,-18.815365400455974,0.004718786671401284
155,report,12573,-18.817507884679593,0.003954496088750806
859,irregularity,1463,-20.364381237515325,0.00046014696395788035
468,us,2657,-21.177461661740846,0.0008356872749392263
304,help,4599,-23.43085455068096,0.0014464906953125713
72,stop,8033,-23.51476587053444,0.002526562242975839
